,Column,True Label,Prediction,Classes,Predicted Classes,Dataset
0,drink_mixed_mimesis,non-personal,non-personal,drink_mixed,drink,mimesis
1,MnTvnRO2qGFq56,non-personal,non-personal,date_fr_FR,date,faker
2,city_en_mimesis,non-personal,non-personal,city_en,city,mimesis
3,credit_card_provider_de_DE_faker,non-personal,non-personal,credit_card_provider_de_DE,credit_card_provider,faker
4,48i2GDrmZhvkUDPqTlaV,personal,personal,political_views_de,political_views,mimesis
5,Q3IDA,non-personal,non-personal,resolution_en,resolution,mimesis
6,integer_number_mixed_mimesis,non-personal,non-personal,integer_number_mixed,integer_number,mimesis
7,y2EgpyKwKsS,non-personal,non-personal,dish_fr,dish,mimesis
8,q0aVnLecBwSeId75e,personal,personal,gender_en,gender,mimesis
9,66lA41,personal,personal,iban_fr_FR,iban,faker
10,credit_card_provider_fr_FR_faker,non-personal,non-personal,credit_card_provider_fr_FR,credit_card_provider,faker
11,fzQgliEu7paqypC,personal,personal,phone_number_en,phone_number,mimesis
12,0KeiuPeCDRHwi41XJO,non-personal,non-personal,company_de,company,mimesis
13,X9iBG63d1h,non-personal,non-personal,phone_model_de,phone_model,mimesis
14,system_quality_attribute_fr_mimesis,non-personal,non-personal,system_quality_attribute_fr,system_quality_attribute,mimesis
15,9vtLUKaqPxSpd,personal,personal,worldview_de,religion/worldview,mimesis
16,worldview_de_mimesis,personal,personal,worldview_de,religion/worldview,mimesis
17,dPI1af7W,non-personal,non-personal,swift_fr_FR,,faker
18,credit_card_number_de_DE_faker,personal,personal,credit_card_number_de_DE,credit_card_number,faker
19,iban_fr_FR_faker,personal,personal,iban_fr_FR,iban,faker
20,cpu_en_mimesis,non-personal,non-personal,cpu_en,cpu,mimesis
21,vbF2ulFnwZqvr4MS4,non-personal,non-personal,integer_number_fr,integer_number,mimesis
22,ZD6dJA9AJ,non-personal,non-personal,answer_de,answer,mimesis
23,blood_group_fr_FR_faker,personal,personal,blood_group_fr_FR,blood_group,faker
24,occupation_fr_mimesis,personal,personal,occupation_fr,job,mimesis
25,credit_card_number_fr_mimesis,personal,personal,credit_card_number_fr,credit_card_number,mimesis
26,CuAjA,non-personal,non-personal,color_mixed,color,mimesis
27,full_name_de_mimesis,personal,personal,full_name_de,full_name,mimesis
28,political_views_en_mimesis,personal,personal,political_views_en,political_views,mimesis
29,ku2HChRnT,personal,personal,blood_type_mixed,blood_group,mimesis
30,last_name_mixed_mimesis,personal,personal,last_name_mixed,last_name,mimesis
31,name_mixed_faker,personal,personal,name_mixed,full_name,faker
32,fOB1rc,personal,personal,NIN,national_identification_number,dessi
33,gRXia9J7kAP744EEPmW9,non-personal,non-personal,graphics_mixed,graphics,mimesis
34,usPd6XfPKoIVU2,non-personal,non-personal,manufacturer_fr,manufacturer,mimesis
35,phone_number_de_DE_faker,personal,personal,phone_number_de_DE,phone_number,faker
36,last_name_en_faker,personal,personal,last_name_en,last_name,faker
37,company_fr_mimesis,non-personal,non-personal,company_fr,company,mimesis
38,credit_card_provider_mixed_faker,non-personal,non-personal,credit_card_provider_mixed,credit_card_provider,faker
39,"Date,NIN_dessi",personal,personal,"Date,NIN","date,national_identification_number",dessi
40,word_mixed_mimesis,non-personal,non-personal,word_mixed,word,mimesis
41,sfWkrC5G,non-personal,non-personal,duration_en,duration,mimesis
42,date_fr_FR_faker,non-personal,non-personal,date_fr_FR,date,faker
43,fo9R1,non-personal,non-personal,pyfloat_en,float_number,faker
44,name_de_DE_faker,personal,personal,name_de_DE,"academic_degree/title,full_name",faker
45,Og5OPctYC,personal,personal,nationality_en,nationality,mimesis
46,VCJTBJahe8,personal,personal,current_location_mixed,longitude_and_latitude,faker
47,fPBi3,non-personal,non-personal,programming_language_en,programming_language,mimesis
48,f5GCZdDiGADKdJDRZtUb,non-personal,non-personal,version_fr,,mimesis
49,ypqnvPf7C,personal,non-personal,ID_Card,,dessi
50,measure_unit_fr_mimesis,non-personal,non-personal,measure_unit_fr,measure_unit,mimesis
51,resolution_mixed_mimesis,non-personal,non-personal,resolution_mixed,resolution,mimesis
52,email_de_DE_faker,personal,personal,email_de_DE,email,faker
53,duration_fr_mimesis,non-personal,non-personal,duration_fr,duration,mimesis
54,DhrCpjgds8y3,non-personal,non-personal,user_agent_en,user_agent,mimesis
55,full_name_mixed_mimesis,personal,personal,full_name_mixed,full_name,mimesis
56,gfygw2wMqZcUDIh,personal,personal,academic_degree_en,academic_degree/title,mimesis
57,dish_de_mimesis,non-personal,non-personal,dish_de,dish,mimesis
58,address_fr_FR_faker,personal,personal,address_fr_FR,full_address,faker
59,Passport_dessi,personal,personal,Passport,passport_number,dessi
60,GPlcpTC,non-personal,non-personal,currency_mixed,currency,faker
61,date_de_DE_faker,non-personal,non-personal,date_de_DE,date,faker
62,wvJWIyD7u3mSpKyo2XAc,personal,personal,blood_type_fr,blood_group,mimesis
63,0RpcK8Shm,personal,personal,worldview_mixed,religion/worldview,mimesis
64,oDOqDqQa5,non-personal,non-personal,url_mixed,url,faker
65,sex_de_DE_faker,personal,personal,sex_de_DE,gender,faker
66,C1ITtNZPHa,non-personal,non-personal,cpu_en,cpu,mimesis
67,OnqQfkplJek,personal,personal,full_name_de,full_name,mimesis
68,5sRIkeC8wLtO9BSqD2t,non-personal,non-personal,manufacturer_en,manufacturer,mimesis
69,NIN_dessi,personal,personal,NIN,national_identification_number,dessi
70,J8UMHBhXs,personal,personal,last_name_mixed,last_name,faker
71,company_en_mimesis,non-personal,non-personal,company_en,company,mimesis
72,swift_en_faker,non-personal,non-personal,swift_en,SWIFT/BIC code,faker
73,current_location_mixed_faker,personal,personal,current_location_mixed,longitude_and_latitude,faker
74,nationality_mixed_mimesis,personal,personal,nationality_mixed,nationality,mimesis
75,7Qg84iqh4gVJjr,non-personal,non-personal,graphics_en,graphics,mimesis
76,color_fr_mimesis,non-personal,non-personal,color_fr,color,mimesis
77,blood_group_de_DE_faker,personal,personal,blood_group_de_DE,blood_group,faker
78,blood_type_de_mimesis,personal,personal,blood_type_de,blood_group,mimesis
79,GPE_dessi,non-personal,non-personal,GPE,gpe,dessi
80,d9Gf2leMeR,personal,personal,CCN,credit_card_number,dessi
81,blrSWt6vwal3j,non-personal,non-personal,dish_en,dish,mimesis
82,isbn13_en_faker,non-personal,non-personal,isbn13_en,isbn,faker
83,Phone_number_dessi,personal,personal,Phone_number,phone_number,dessi
84,SWIFT/BIC_dessi,non-personal,non-personal,SWIFT/BIC,SWIFT/BIC code,dessi
85,jxWkI9X7H6a,non-personal,non-personal,Date,date,dessi
86,phone_model_en_mimesis,non-personal,non-personal,phone_model_en,phone_model,mimesis
87,ZB2JX0NNRPJb,personal,personal,occupation_fr,job,mimesis
88,pyint_de_DE_faker,non-personal,non-personal,pyint_de_DE,integer_number,faker
89,fJs1ON43xKmTecQoX,personal,personal,political_views_en,political_views,mimesis
90,xQ8VS8IALVUj4APg1FN,personal,personal,sex_en,gender,faker
91,pyint_mixed_faker,non-personal,non-personal,pyint_mixed,integer_number,faker
92,9k0mZMi3qdPE3xJ7gT,non-personal,non-personal,measure_unit_mixed,measure_unit,mimesis
93,passport_number_mixed_faker,personal,personal,passport_number_mixed,passport_number,faker
94,5wnRpQ,personal,personal,credit_card_number_fr_FR,credit_card_number,faker
95,jbcpEN2XeDA,personal,personal,email_en,email,mimesis
96,5XL8Sb24WKyEa8wtW,non-personal,non-personal,pyfloat_fr_FR,float_number,faker
97,pyint_fr_FR_faker,non-personal,non-personal,pyint_fr_FR,integer_number,faker
98,R1Iv8bh4qlL9qcgMB,non-personal,non-personal,isbn13_mixed,isbn,faker
99,MM9VThX0k9,non-personal,non-personal,company_en,company,mimesis
100,HnJuQEHyu,non-personal,non-personal,SWIFT/BIC,SWIFT/BIC code,dessi
101,email_fr_FR_faker,personal,personal,email_fr_FR,email,faker
102,resolution_en_mimesis,non-personal,non-personal,resolution_en,resolution,mimesis
103,LS1OpgS,personal,personal,address_mixed,full_address,faker
104,QrS7RPeMOkI,non-personal,non-personal,pyfloat_de_DE,float_number,faker
105,4XNiMyjkl1SXNZ5,non-personal,non-personal,user_agent_fr,user_agent,mimesis
106,iQE8JkqH3,personal,personal,gender_de,gender,mimesis
107,swift_fr_FR_faker,non-personal,non-personal,swift_fr_FR,SWIFT/BIC code,faker
108,2RMZhYKYcwIBQx,personal,personal,last_name_fr,last_name,mimesis
109,address_de_DE_faker,personal,personal,address_de_DE,full_address,faker
110,77p3kZZl4,personal,personal,phone_number_mixed,phone_number,faker
111,P32fNMG,non-personal,non-personal,pyfloat_mixed,float_number,faker
112,address_de_mimesis,personal,personal,address_de,full_address,mimesis
113,NEm9prJto8tXs,non-personal,non-personal,duration_mixed,duration,mimesis
114,OT4WF3IcNepOR6s,personal,personal,ssn_en,national_identification_number,faker
115,En36vt96an7,personal,personal,Email,email,dessi
116,duration_mixed_mimesis,non-personal,non-personal,duration_mixed,duration,mimesis
117,ez3VcBbD6e3uKBKz,non-personal,non-personal,system_quality_attribute_en,system_quality_attribute,mimesis
118,WVYCoIpt9ZYE51,non-personal,non-personal,city_en,city,mimesis
119,measure_unit_mixed_mimesis,non-personal,non-personal,measure_unit_mixed,measure_unit,mimesis
120,fR9Q3IiP3whlIzHiU,personal,personal,credit_card_number_de,credit_card_number,mimesis
121,ZiJdL9JJvQhAw3Q8,personal,personal,job_de_DE,job,faker
122,7bAdzGxpyfxobu7g,personal,personal,phone_number_fr_FR,phone_number,faker
123,Yjics61ES1iWTEC,non-personal,non-personal,isbn13_de_DE,isbn,faker
124,JaH8mfpUAFJWp,non-personal,non-personal,date_mixed,date,faker
125,resolution_fr_mimesis,non-personal,non-personal,resolution_fr,resolution,mimesis
126,g1msoxltaTIirc,non-personal,non-personal,currency_de_DE,currency,faker
127,Ym4cu7,personal,personal,name_fr_FR,full_name,faker
128,aDNKgeI,personal,personal,blood_type_de,blood_group,mimesis
129,R74KPONu3OujCeECOtY,personal,personal,"NIN,Email",email,dessi
130,LdwGetDCcdx1s,personal,personal,first_name_mixed,first_name,mimesis
131,job_mixed_faker,personal,personal,job_mixed,job,faker
132,currency_de_DE_faker,non-personal,non-personal,currency_de_DE,currency,faker
133,url_de_DE_faker,non-personal,non-personal,url_de_DE,url,faker
134,Nationality_dessi,personal,personal,Nationality,nationality,dessi
135,city_de_mimesis,non-personal,non-personal,city_de,city,mimesis
136,ShO68sxNoo9iEj,non-personal,non-personal,programming_language_fr,programming_language,mimesis
137,PTFCYbfsozSptQLxEJHw,personal,personal,title_en,academic_degree/title,mimesis
138,address_en_faker,personal,personal,address_en,full_address,faker
139,36Ud9sMtwgKGnjQEo2,personal,personal,"Email,NIN","email,national_identification_number,passport_number",dessi
140,4catKMg7vsDPIH,personal,personal,address_en,full_address,mimesis
141,user_agent_mixed_mimesis,non-personal,non-personal,user_agent_mixed,user_agent,mimesis
142,2v2R2Iy,personal,personal,full_name_fr,full_name,mimesis
143,integer_number_en_mimesis,non-personal,non-personal,integer_number_en,integer_number,mimesis
144,measure_unit_en_mimesis,non-personal,non-personal,measure_unit_en,measure_unit,mimesis
145,user_agent_en_mimesis,non-personal,non-personal,user_agent_en,user_agent,mimesis
146,o0cZuz,personal,personal,email_fr_FR,email,faker
147,last_name_mixed_faker,personal,personal,last_name_mixed,last_name,faker
148,currency_fr_FR_faker,non-personal,non-personal,currency_fr_FR,currency,faker
149,G9Lv3g32C,non-personal,non-personal,color_fr,color,mimesis
150,dYvpi,non-personal,non-personal,drink_fr,drink,mimesis
151,5fbqn,personal,personal,blood_group_mixed,blood_group,faker
152,fYzaqIhDxRVRqLy0,personal,personal,current_location_fr_FR,longitude_and_latitude,faker
153,first_name_mixed_faker,personal,personal,first_name_mixed,first_name,faker
154,Religion_dessi,personal,personal,Religion,religion/worldview,dessi
155,float_number_fr_mimesis,non-personal,non-personal,float_number_fr,float_number,mimesis
156,Wd3hjOk,non-personal,non-personal,color_en,color,faker
157,color_de_DE_faker,non-personal,non-personal,color_de_DE,,faker
158,"Email,Phone_number_dessi",personal,personal,"Email,Phone_number","email,phone_number",dessi
159,Gz0IEqcWPmsw3X,non-personal,non-personal,credit_card_provider_mixed,credit_card_provider,faker
160,sex_fr_FR_faker,personal,personal,sex_fr_FR,gender,faker
161,ChDStSz8rGIFCf,non-personal,non-personal,phone_model_mixed,phone_model,mimesis
162,xYvJ8xWjmMGzGccci,personal,personal,name_de_DE,full_name,faker
163,last_name_fr_mimesis,personal,personal,last_name_fr,last_name,mimesis
164,title_mixed_mimesis,personal,personal,title_mixed,academic_degree/title,mimesis
165,xR8KCDXsXyG,non-personal,non-personal,graphics_fr,graphics,mimesis
166,phone_number_fr_FR_faker,personal,personal,phone_number_fr_FR,phone_number,faker
167,GWlG6g3Ot1OGM,non-personal,non-personal,measure_unit_fr,measure_unit,mimesis
168,DCCRnGEY59YVkQf,personal,personal,phone_number_en,phone_number,faker
169,first_name_fr_mimesis,personal,personal,first_name_fr,first_name,mimesis
170,color_mixed_mimesis,non-personal,non-personal,color_mixed,color,mimesis
171,g3aKsEECvl9dq83Eh0ez,non-personal,non-personal,integer_number_mixed,integer_number,mimesis
172,kAFEn3z5dkya,non-personal,non-personal,currency_fr_FR,currency,faker
173,url_mixed_faker,non-personal,non-personal,url_mixed,url,faker
174,color_en_faker,non-personal,non-personal,color_en,color,faker
175,kDyr7OSJoRu1,personal,personal,credit_card_number_mixed,credit_card_number,faker
176,full_name_en_mimesis,personal,personal,full_name_en,full_name,mimesis
177,float_number_mixed_mimesis,non-personal,non-personal,float_number_mixed,float_number,mimesis
178,ssn_de_DE_faker,personal,personal,ssn_de_DE,national_identification_number,faker
179,credit_card_number_en_faker,personal,personal,credit_card_number_en,credit_card_number,faker
180,q608E9ZsV3,non-personal,non-personal,system_quality_attribute_de,system_quality_attribute,mimesis
181,l8nv8XFmoijes2,non-personal,non-personal,date_en,date,faker
182,float_number_en_mimesis,non-personal,non-personal,float_number_en,float_number,mimesis
183,pyint_en_faker,non-personal,non-personal,pyint_en,integer_number,faker
184,current_location_en_faker,personal,personal,current_location_en,longitude_and_latitude,faker
185,ssn_mixed_faker,personal,personal,ssn_mixed,national_identification_number,faker
186,jqipVJIqVLB5LzxoiGF,non-personal,non-personal,pyint_mixed,integer_number,faker
187,blood_type_mixed_mimesis,personal,personal,blood_type_mixed,blood_group,mimesis
188,LvG1GIFTKtE0bx,non-personal,non-personal,measure_unit_en,measure_unit,mimesis
189,csAlXiXPUP9Ax5yC366y,non-personal,non-personal,Organization,company,dessi
190,JmTPS,non-personal,non-personal,company_en,company,faker
191,email_en_mimesis,personal,personal,email_en,email,mimesis
192,aeTOdoe5c3ve,personal,personal,last_name_de_DE,last_name,faker
193,X8KMf4djkWNdRfr,personal,personal,"Phone_number,NIN",phone_number,dessi
194,title_fr_mimesis,personal,personal,title_fr,academic_degree/title,mimesis
195,credit_card_number_mixed_faker,personal,personal,credit_card_number_mixed,credit_card_number,faker
196,first_name_fr_FR_faker,personal,personal,first_name_fr_FR,first_name,faker
197,graphics_de_mimesis,non-personal,non-personal,graphics_de,graphics,mimesis
198,nationality_fr_mimesis,personal,personal,nationality_fr,nationality,mimesis
199,LBcbfno,personal,personal,credit_card_number_fr,credit_card_number,mimesis
200,gender_mixed_mimesis,personal,personal,gender_mixed,gender,mimesis
201,currency_mixed_faker,non-personal,non-personal,currency_mixed,currency,faker
202,language_en_mimesis,personal,personal,language_en,language,mimesis
203,color_fr_FR_faker,non-personal,non-personal,color_fr_FR,,faker
204,pDwjrm74UWhc,personal,personal,"Date,NIN","date,national_identification_number,passport_number",dessi
205,company_mixed_faker,non-personal,non-personal,company_mixed,company,faker
206,graphics_fr_mimesis,non-personal,non-personal,graphics_fr,graphics,mimesis
207,x9jR7Eef1ffBg,personal,personal,phone_number_de_DE,phone_number,faker
208,XPvhsBkDa9U4U,non-personal,non-personal,ean_fr_FR,EAN_code,faker
209,full_name_fr_mimesis,personal,personal,full_name_fr,full_name,mimesis
210,mHxNWF,personal,personal,last_name_en,last_name,faker
211,academic_degree_de_mimesis,personal,personal,academic_degree_de,academic_degree/title,mimesis
212,oCLrZ3aWZkSBvrjn9W,non-personal,non-personal,credit_card_provider_fr_FR,credit_card_provider,faker
213,XHyC6Ct3LBtK,non-personal,non-personal,pyint_en,integer_number,faker
214,email_fr_mimesis,personal,personal,email_fr,email,mimesis
215,job_en_faker,personal,personal,job_en,job,faker
216,fUF0eWI,personal,non-personal,ssn_fr_FR,,faker
217,GPva2A0,personal,personal,worldview_en,religion/worldview,mimesis
218,credit_card_number_de_mimesis,personal,personal,credit_card_number_de,credit_card_number,mimesis
219,company_fr_FR_faker,non-personal,non-personal,company_fr_FR,company,faker
220,xGZVRk8bj2MRYCcie,personal,personal,"NIN,Phone_number",phone_number,dessi
221,swift_de_DE_faker,non-personal,non-personal,swift_de_DE,SWIFT/BIC code,faker
222,cpu_de_mimesis,non-personal,non-personal,cpu_de,cpu,mimesis
223,WWlEHP,personal,personal,first_name_en,first_name,faker
224,JsS8iO,personal,personal,blood_group_fr_FR,blood_group,faker
225,address_fr_mimesis,personal,personal,address_fr,full_address,mimesis
226,H6DaUjA3,personal,personal,academic_degree_fr,academic_degree/title,mimesis
227,color_en_mimesis,non-personal,non-personal,color_en,color,mimesis
228,phone_model_mixed_mimesis,non-personal,non-personal,phone_model_mixed,phone_model,mimesis
229,bxJKxDZJiN4fetzTUEHA,non-personal,non-personal,manufacturer_de,manufacturer,mimesis
230,worldview_fr_mimesis,personal,personal,worldview_fr,religion/worldview,mimesis
231,dish_fr_mimesis,non-personal,non-personal,dish_fr,dish,mimesis
232,DP9bdE2zBRgFT6,personal,personal,email_en,email,faker
233,nNsS6Fmhi2eCl5TCfZR,personal,personal,nationality_fr,nationality,mimesis
234,VMxASJ6EWIZQ0nWpRWM,non-personal,non-personal,cpu_de,cpu,mimesis
235,EbVId8w,non-personal,non-personal,pyint_fr_FR,integer_number,faker
236,dish_mixed_mimesis,non-personal,non-personal,dish_mixed,dish,mimesis
237,7qnQTupqziQPtDu,non-personal,non-personal,float_number_mixed,float_number,mimesis
238,Y5Mar2jiI,personal,personal,first_name_mixed,first_name,faker
239,VET6ZyyQY0PjF9c,personal,personal,"NIN,Date",national_identification_number,dessi
240,credit_card_number_mixed_mimesis,personal,personal,credit_card_number_mixed,credit_card_number,mimesis
241,passport_number_fr_FR_faker,personal,personal,passport_number_fr_FR,passport_number,faker
242,l8XOFDW,personal,personal,Race,race,dessi
243,2fqmO9JriOtNIf,personal,personal,language_de,language,mimesis
244,phone_number_en_mimesis,personal,personal,phone_number_en,phone_number,mimesis
245,kYtMV0,personal,personal,current_location_en,longitude_and_latitude,faker
246,vXiOq,personal,personal,address_mixed,full_address,mimesis
247,SsJimAQ8yRV5lNKtz,personal,personal,job_en,job,faker
248,CGo8NcUY,non-personal,non-personal,color_de_DE,color,faker
249,NjpiE,non-personal,non-personal,color_en,color,mimesis
250,phone_number_mixed_faker,personal,personal,phone_number_mixed,phone_number,faker
251,address_mixed_faker,personal,personal,address_mixed,full_address,faker
252,answer_de_mimesis,non-personal,non-personal,answer_de,answer,mimesis
253,job_fr_FR_faker,personal,personal,job_fr_FR,job,faker
254,LxUif6,non-personal,non-personal,system_quality_attribute_mixed,system_quality_attribute,mimesis
255,ean_mixed_faker,non-personal,non-personal,ean_mixed,EAN_code,faker
256,kSCwCcU36wNBrOY8de,non-personal,non-personal,programming_language_de,programming_language,mimesis
257,dzrm9h820DfQnPOM,personal,personal,address_fr_FR,full_address,faker
258,UYuBMGhy5KmqcTBa,non-personal,non-personal,manufacturer_mixed,manufacturer,mimesis
259,passport_number_en_faker,personal,personal,passport_number_en,passport_number,faker
260,graphics_en_mimesis,non-personal,non-personal,graphics_en,graphics,mimesis
261,iMT8ftJyPYv0iQS18,personal,personal,phone_number_de,phone_number,mimesis
262,1aWbtDRUIBIy,personal,personal,email_mixed,email,mimesis
263,TSyFzpjPSa5,non-personal,personal,company_fr_FR,last_name,faker
264,system_quality_attribute_en_mimesis,non-personal,non-personal,system_quality_attribute_en,system_quality_attribute,mimesis
265,Sexuality_dessi,personal,personal,Sexuality,sexuality,dessi
266,uQstCMT,personal,personal,full_name_en,full_name,mimesis
267,worldview_mixed_mimesis,personal,personal,worldview_mixed,religion/worldview,mimesis
268,iban_mixed_faker,personal,personal,iban_mixed,iban,faker
269,version_mixed_mimesis,non-personal,non-personal,version_mixed,version,mimesis
270,pyfloat_mixed_faker,non-personal,non-personal,pyfloat_mixed,float_number,faker
271,EpZZRztDeSdkCA,personal,personal,full_name_mixed,full_name,mimesis
272,"Phone_number,NIN_dessi",personal,personal,"Phone_number,NIN","national_identification_number,phone_number",dessi
273,ssn_fr_FR_faker,personal,personal,ssn_fr_FR,national_identification_number,faker
274,ldqyunDuvW4yrW81Aq1,personal,personal,occupation_mixed,job,mimesis
275,155sXZoMZwoOmNqRWUXQ,non-personal,personal,ean_de_DE,credit_card_number,faker
276,shzb9ukZ8ND1S6xfB2,non-personal,non-personal,version_en,,mimesis
277,q7YYDsBS9UYJQTFjm,non-personal,non-personal,isbn_fr,isbn,mimesis
278,tsnBY,non-personal,non-personal,company_mixed,company,faker
279,job_de_DE_faker,personal,personal,job_de_DE,job,faker
280,e5fuMjeirNOLJTuyMHs,personal,personal,iban_mixed,iban,faker
281,last_name_fr_FR_faker,personal,personal,last_name_fr_FR,last_name,faker
282,iban_de_DE_faker,personal,personal,iban_de_DE,iban,faker
283,Gender_dessi,personal,personal,Gender,gender,dessi
284,company_mixed_mimesis,non-personal,non-personal,company_mixed,company,mimesis
285,Email_dessi,personal,personal,Email,email,dessi
286,gender_de_mimesis,personal,personal,gender_de,gender,mimesis
287,user_agent_fr_mimesis,non-personal,non-personal,user_agent_fr,user_agent,mimesis
288,pyfloat_en_faker,non-personal,non-personal,pyfloat_en,float_number,faker
289,xCWeKiHxzuPrp9hb,personal,personal,iban_de_DE,iban,faker
290,blood_type_en_mimesis,personal,personal,blood_type_en,blood_group,mimesis
291,FM41PREsIa2gBi,personal,personal,Passport,passport_number,dessi
292,K8nDSqXx,personal,personal,blood_type_en,blood_group,mimesis
293,GXI1V4Hc,non-personal,non-personal,swift_en,SWIFT/BIC code,faker
294,pBLzHfz3,personal,non-personal,passport_number_en,,faker
295,dJp62hDiZDQHJMu8W5C,non-personal,personal,company_de_DE,"company,last_name",faker
296,manufacturer_de_mimesis,non-personal,non-personal,manufacturer_de,manufacturer,mimesis
297,word_en_mimesis,non-personal,non-personal,word_en,word,mimesis
298,PeX9PcWb8pm1,non-personal,non-personal,integer_number_de,integer_number,mimesis
299,VfBgWOT3gCkS,personal,personal,ssn_de_DE,national_identification_number,faker
300,Organization_dessi,non-personal,non-personal,Organization,,dessi
301,y3c2Eom0,non-personal,non-personal,word_en,word,mimesis
302,nationality_de_mimesis,personal,personal,nationality_de,nationality,mimesis
303,GMBgYSh2PP4XJU3nBC4,personal,personal,occupation_en,job,mimesis
304,B4zVC59yvlFSFx7Z,personal,personal,name_mixed,"academic_degree/title,full_name",faker
305,company_de_DE_faker,non-personal,non-personal,company_de_DE,company,faker
306,N9Vg8W,personal,non-personal,passport_number_mixed,,faker
307,first_name_en_faker,personal,personal,first_name_en,first_name,faker
308,manufacturer_en_mimesis,non-personal,non-personal,manufacturer_en,manufacturer,mimesis
309,isbn13_fr_FR_faker,non-personal,non-personal,isbn13_fr_FR,isbn,faker
310,occupation_de_mimesis,personal,personal,occupation_de,job,mimesis
311,programming_language_mixed_mimesis,non-personal,non-personal,programming_language_mixed,programming_language,mimesis
312,drink_en_mimesis,non-personal,non-personal,drink_en,drink,mimesis
313,eyGCWJr0NRNhig,personal,personal,nationality_de,nationality,mimesis
314,version_en_mimesis,non-personal,non-personal,version_en,version,mimesis
315,16JC5kV3ECqWp1OrXX,non-personal,non-personal,url_de_DE,url,faker
316,"Phone_number,Email_dessi",personal,personal,"Phone_number,Email","email,phone_number",dessi
317,0asUt1LLQF3jC,personal,personal,first_name_fr,first_name,mimesis
318,shKRIy5z0w9XZ,non-personal,non-personal,resolution_mixed,resolution,mimesis
319,ym6MGV4i3,personal,personal,blood_group_de_DE,blood_group,faker
320,eAAvIDAdn1A,non-personal,non-personal,color_mixed,color,faker
321,scs9Tfw7C,personal,personal,credit_card_number_de_DE,credit_card_number,faker
322,VvovXkeGOhHGm5,non-personal,non-personal,duration_fr,duration,mimesis
323,QHoAtrdJ8,non-personal,non-personal,GPE,city,dessi
324,L8LjkQNU5M,non-personal,non-personal,float_number_de,,mimesis
325,pdQ5HoOodgAv,personal,personal,Religion,religion/worldview,dessi
326,programming_language_de_mimesis,non-personal,non-personal,programming_language_de,programming_language,mimesis
327,first_name_mixed_mimesis,personal,personal,first_name_mixed,first_name,mimesis
328,blood_group_en_faker,personal,personal,blood_group_en,blood_group,faker
329,language_de_mimesis,personal,personal,language_de,language,mimesis
330,word_de_mimesis,non-personal,non-personal,word_de,word,mimesis
331,DnvMju3TuU3wziWxGJgu,personal,personal,language_mixed,language,mimesis
332,phone_number_en_faker,personal,personal,phone_number_en,phone_number,faker
333,eKORdjjZK8tfphJWAMMY,personal,personal,credit_card_number_en,credit_card_number,mimesis
334,phone_number_de_mimesis,personal,personal,phone_number_de,phone_number,mimesis
335,Hxe9HIG,non-personal,non-personal,user_agent_mixed,user_agent,mimesis
336,blood_group_mixed_faker,personal,personal,blood_group_mixed,blood_group,faker
337,cpu_fr_mimesis,non-personal,non-personal,cpu_fr,cpu,mimesis
338,gLb7tKR69yz8Tm,personal,personal,Gender,gender,dessi
339,UxWzxczdKJmxJ,personal,personal,job_fr_FR,job,faker
340,eEYqvNSzP,personal,personal,last_name_de,last_name,mimesis
341,HCHTxe6,non-personal,non-personal,isbn_mixed,isbn,mimesis
342,date_en_faker,non-personal,non-personal,date_en,date,faker
343,date_mixed_faker,non-personal,non-personal,date_mixed,date,faker
344,uhaFVBliyIToGJ,non-personal,non-personal,drink_mixed,drink,mimesis
345,programming_language_en_mimesis,non-personal,non-personal,programming_language_en,programming_language,mimesis
346,4BVuMq,non-personal,non-personal,color_fr_FR,color,faker
347,first_name_de_DE_faker,personal,personal,first_name_de_DE,first_name,faker
348,last_name_de_mimesis,personal,personal,last_name_de,last_name,mimesis
349,GQONvf08WpRtoZ,non-personal,non-personal,swift_de_DE,SWIFT/BIC code,faker
350,language_fr_mimesis,personal,personal,language_fr,language,mimesis
351,answer_fr_mimesis,non-personal,non-personal,answer_fr,answer,mimesis
352,blood_type_fr_mimesis,personal,personal,blood_type_fr,blood_group,mimesis
353,ORBJFdw8PQ,non-personal,non-personal,dish_de,dish,mimesis
354,MIbOGKpTjsBaNwpKAlQQ,personal,personal,address_fr,full_address,mimesis
355,vfLQj6wt9,non-personal,non-personal,isbn13_fr_FR,isbn,faker
356,OprCeTsprvu5IfijoySj,personal,personal,title_mixed,academic_degree/title,mimesis
357,version_de_mimesis,non-personal,non-personal,version_de,version,mimesis
358,blqdiVAHhVeECXx,personal,personal,email_de_DE,email,faker
359,political_views_de_mimesis,personal,personal,political_views_de,political_views,mimesis
360,first_name_en_mimesis,personal,personal,first_name_en,first_name,mimesis
361,U5tGtQAu,non-personal,non-personal,phone_model_fr,phone_model,mimesis
362,company_de_mimesis,non-personal,non-personal,company_de,company,mimesis
363,1Bf86o0C4,personal,personal,address_en,full_address,faker
364,2591AIVVIZM5oForB,personal,personal,job_mixed,job,faker
365,NX744bpnegMcCMRT3d,non-personal,non-personal,user_agent_de,user_agent,mimesis
366,last_name_de_DE_faker,personal,personal,last_name_de_DE,last_name,faker
367,VJvwSDrtqohUmuhVI8,personal,non-personal,credit_card_number_mixed,,mimesis
368,zh84KpLMcNfA,non-personal,non-personal,ean_en,,faker
369,ZlhQ3biawYYpL,personal,personal,phone_number_fr,phone_number,mimesis
370,Ic1xLJjBi,personal,personal,sex_de_DE,gender,faker
371,gender_fr_mimesis,personal,personal,gender_fr,gender,mimesis
372,word_fr_mimesis,non-personal,non-personal,word_fr,word,mimesis
373,language_mixed_mimesis,personal,personal,language_mixed,language,mimesis
374,gB9xO51DTjBlUH9PrNZ6,non-personal,non-personal,word_mixed,word,mimesis
375,swift_mixed_faker,non-personal,non-personal,swift_mixed,SWIFT/BIC code,faker
376,Fbh7x41Ztpdp4K8,non-personal,non-personal,currency_en,currency,faker
377,ean_fr_FR_faker,non-personal,non-personal,ean_fr_FR,EAN_code,faker
378,cpu_mixed_mimesis,non-personal,non-personal,cpu_mixed,cpu,mimesis
379,integer_number_de_mimesis,non-personal,non-personal,integer_number_de,integer_number,mimesis
380,last_name_en_mimesis,personal,personal,last_name_en,last_name,mimesis
381,name_en_faker,personal,personal,name_en,full_name,faker
382,rXY2Av7,non-personal,non-personal,float_number_fr,float_number,mimesis
383,blV7vY7AZQ3VZprkYS,non-personal,non-personal,float_number_en,float_number,mimesis
384,3UdRPPgdzUvZ3gpmmIC,personal,personal,email_fr,email,mimesis
385,measure_unit_de_mimesis,non-personal,non-personal,measure_unit_de,measure_unit,mimesis
386,phone_model_de_mimesis,non-personal,non-personal,phone_model_de,phone_model,mimesis
387,PQBGxbx,non-personal,non-personal,answer_mixed,answer,mimesis
388,17Kc03bfc8PXKqP,non-personal,non-personal,company_fr,company,mimesis
389,credit_card_number_en_mimesis,personal,personal,credit_card_number_en,credit_card_number,mimesis
390,AGXN6E32VUd,personal,personal,current_location_de_DE,longitude_and_latitude,faker
391,9n7IWUSmTtzQPxC5HC,personal,personal,Geolocation,longitude_and_latitude,dessi
392,YsKRWmlN2O5z0BG,non-personal,non-personal,duration_de,duration,mimesis
393,isbn_en_mimesis,non-personal,non-personal,isbn_en,isbn,mimesis
394,url_fr_FR_faker,non-personal,non-personal,url_fr_FR,url,faker
395,name_fr_FR_faker,personal,personal,name_fr_FR,full_name,faker
396,phone_number_fr_mimesis,personal,personal,phone_number_fr,phone_number,mimesis
397,answer_en_mimesis,non-personal,non-personal,answer_en,answer,mimesis
398,3PvrhZ,non-personal,non-personal,answer_fr,answer,mimesis
399,nationality_en_mimesis,personal,personal,nationality_en,nationality,mimesis
400,D6IvIwRX3U,personal,personal,first_name_en,first_name,mimesis
401,company_en_faker,non-personal,non-personal,company_en,company,faker
402,system_quality_attribute_mixed_mimesis,non-personal,non-personal,system_quality_attribute_mixed,system_quality_attribute,mimesis
403,d1J5GmKI,non-personal,non-personal,resolution_de,resolution,mimesis
404,isbn13_mixed_faker,non-personal,non-personal,isbn13_mixed,isbn,faker
405,"NIN,Date_dessi",personal,personal,"NIN,Date","date,national_identification_number",dessi
406,manufacturer_fr_mimesis,non-personal,non-personal,manufacturer_fr,manufacturer,mimesis
407,WdnrJi7sC4SFhbOMZpT,non-personal,non-personal,isbn_de,isbn,mimesis
408,VEnm0Ir7JSrig,non-personal,non-personal,version_mixed,,mimesis
409,mnVErULWHM,non-personal,non-personal,cpu_mixed,cpu,mimesis
410,phone_number_mixed_mimesis,personal,personal,phone_number_mixed,phone_number,mimesis
411,occupation_en_mimesis,personal,personal,occupation_en,job,mimesis
412,tJaJAfo16h,personal,personal,academic_degree_mixed,academic_degree/title,mimesis
413,n9dLVIdVuddLEG,personal,personal,language_en,language,mimesis
414,"NIN,Phone_number_dessi",personal,personal,"NIN,Phone_number","national_identification_number,phone_number",dessi
415,rQFnIiU74KKE,personal,personal,address_de_DE,full_address,faker
416,Date_dessi,non-personal,non-personal,Date,date,dessi
417,QwTeJIs5t2kTT7S,non-personal,non-personal,dish_mixed,dish,mimesis
418,gRoEbN48Ju6NoPeO,non-personal,non-personal,company_mixed,manufacturer,mimesis
419,wU90P0jpgjqmlMjW,personal,personal,email_mixed,email,faker
420,city_mixed_mimesis,non-personal,non-personal,city_mixed,city,mimesis
421,isbn_mixed_mimesis,non-personal,non-personal,isbn_mixed,isbn,mimesis
422,MeyyMDHqJ38aRUhR4I,personal,personal,academic_degree_de,academic_degree/title,mimesis
423,iban_en_faker,personal,personal,iban_en,iban,faker
424,academic_degree_fr_mimesis,personal,personal,academic_degree_fr,academic_degree/title,mimesis
425,system_quality_attribute_de_mimesis,non-personal,non-personal,system_quality_attribute_de,system_quality_attribute,mimesis
426,city_fr_mimesis,non-personal,non-personal,city_fr,city,mimesis
427,email_en_faker,personal,personal,email_en,email,faker
428,email_de_mimesis,personal,personal,email_de,email,mimesis
429,integer_number_fr_mimesis,non-personal,non-personal,integer_number_fr,integer_number,mimesis
430,ZieTX8Dcsm,non-personal,non-personal,date_de_DE,date,faker
431,gender_en_mimesis,personal,personal,gender_en,gender,mimesis
432,occupation_mixed_mimesis,personal,personal,occupation_mixed,job,mimesis
433,CCN_dessi,personal,personal,CCN,credit_card_number,dessi
434,byvQRZzUk1D6iNIb6zLK,non-personal,non-personal,color_de,color,mimesis
435,color_mixed_faker,non-personal,non-personal,color_mixed,,faker
436,VczCoInW3Xdi,personal,personal,nationality_mixed,nationality,mimesis
437,academic_degree_en_mimesis,personal,personal,academic_degree_en,academic_degree/title,mimesis
438,email_mixed_faker,personal,personal,email_mixed,email,faker
439,drink_de_mimesis,non-personal,non-personal,drink_de,drink,mimesis
440,ean_en_faker,non-personal,non-personal,ean_en,EAN_code,faker
441,"Email,NIN_dessi",personal,personal,"Email,NIN",national_identification_number,dessi
442,pyfloat_de_DE_faker,non-personal,non-personal,pyfloat_de_DE,float_number,faker
443,worldview_en_mimesis,personal,personal,worldview_en,religion/worldview,mimesis
444,Geolocation_dessi,personal,personal,Geolocation,longitude_and_latitude,dessi
445,thdpAOYNDeh1,non-personal,non-personal,city_fr,city,mimesis
446,ACSME,non-personal,non-personal,word_fr,word,mimesis
447,email_mixed_mimesis,personal,personal,email_mixed,email,mimesis
448,url_en_faker,non-personal,non-personal,url_en,url,faker
449,XPxxy8KcMjRC,non-personal,non-personal,drink_en,drink,mimesis
450,e1WJnLn03ov,non-personal,non-personal,ean_mixed,EAN_code,faker
451,duration_de_mimesis,non-personal,non-personal,duration_de,duration,mimesis
452,address_en_mimesis,personal,personal,address_en,full_address,mimesis
453,DLJ9YV5cC6ZKPmuME,personal,personal,occupation_de,job,mimesis
454,ssn_en_faker,personal,personal,ssn_en,national_identification_number,faker
455,SFsQ8z0WJcDfuquhXz,non-personal,non-personal,url_fr_FR,url,faker
456,isbn_de_mimesis,non-personal,non-personal,isbn_de,isbn,mimesis
457,Av0DzAUguBuQ,personal,personal,blood_group_en,blood_group,faker
458,version_fr_mimesis,non-personal,non-personal,version_fr,version,mimesis
459,b1QzraK3RXVd6M,personal,personal,ssn_mixed,national_identification_number,faker
460,YHuSAAjtylWIEp2ot,non-personal,non-personal,version_de,,mimesis
461,UdLEkHOUNX1y,non-personal,non-personal,city_de,city,mimesis
462,ZEHDjM5Giu7Nukz,personal,personal,IBAN,iban,dessi
463,fIU1mdryRMMc3emZ,non-personal,non-personal,resolution_fr,resolution,mimesis
464,w2JxhWrK,non-personal,non-personal,integer_number_en,integer_number,mimesis
465,answer_mixed_mimesis,non-personal,non-personal,answer_mixed,answer,mimesis
466,6StPAhic8ctFhgp4Iiy,personal,personal,gender_mixed,gender,mimesis
467,Fbf8zGD9pnLwdd,personal,personal,iban_en,iban,faker
468,WR0rK,non-personal,non-personal,city_mixed,city,mimesis
469,DB0ULru2p17fr4CpWDKN,personal,personal,title_de,academic_degree/title,mimesis
470,poevbLJo,personal,personal,"Email,Phone_number","email,phone_number",dessi
471,8hP1jF7TsGTrA1EEpDJ,non-personal,non-personal,url_en,url,faker
472,ZfUBfBM0lIsug,non-personal,non-personal,programming_language_mixed,programming_language,mimesis
473,political_views_fr_mimesis,personal,personal,political_views_fr,political_views,mimesis
474,ejVObfVHnyADvkxtU,personal,personal,sex_mixed,gender,faker
475,uVAlmiYI4xHG6r,personal,personal,first_name_de_DE,first_name,faker
476,xBe8Q6vNuQ2,non-personal,non-personal,isbn13_en,isbn,faker
477,BlrDp37eC,non-personal,non-personal,credit_card_provider_en,credit_card_provider,faker
478,icwIv0Pl1XRDSEO,personal,personal,Nationality,nationality,dessi
479,bVrpoiVg,non-personal,non-personal,pyint_de_DE,integer_number,faker
480,DtkzRG75,non-personal,non-personal,phone_model_en,phone_model,mimesis
481,UCcAxRUpCN,non-personal,non-personal,answer_en,answer,mimesis
482,YEZAmggQBwBA,personal,personal,first_name_fr_FR,first_name,faker
483,YxGohmYipY,personal,personal,email_de,email,mimesis
484,address_mixed_mimesis,personal,personal,address_mixed,full_address,mimesis
485,6rlLBO0FfEwAvuQg2kv,non-personal,non-personal,graphics_de,graphics,mimesis
486,currency_en_faker,non-personal,non-personal,currency_en,currency,faker
487,float_number_de_mimesis,non-personal,non-personal,float_number_de,float_number,mimesis
488,ZhD9ejW9o3RURz9,personal,personal,last_name_fr_FR,last_name,faker
489,tkku7Tow8,personal,personal,sex_fr_FR,gender,faker
490,IBAN_dessi,personal,personal,IBAN,iban,dessi
491,p935k0u7KUumWkFGDF,non-personal,non-personal,isbn_en,isbn,mimesis
492,duration_en_mimesis,non-personal,non-personal,duration_en,duration,mimesis
493,wXJ43ANV,non-personal,non-personal,credit_card_provider_de_DE,credit_card_provider,faker
494,9dCgZ51vT,personal,personal,Sexuality,sexuality,dessi
495,user_agent_de_mimesis,non-personal,non-personal,user_agent_de,user_agent,mimesis
496,credit_card_provider_en_faker,non-personal,non-personal,credit_card_provider_en,credit_card_provider,faker
497,vgJRysq,non-personal,non-personal,drink_de,drink,mimesis
498,current_location_fr_FR_faker,personal,personal,current_location_fr_FR,longitude_and_latitude,faker
499,5bcuYdswxBjpHA,non-personal,non-personal,measure_unit_de,measure_unit,mimesis
500,f2o3gyrDO1xkxw,non-personal,non-personal,swift_mixed,,faker
501,cozMdant8nXiWq,non-personal,non-personal,cpu_fr,cpu,mimesis
502,credit_card_number_fr_FR_faker,personal,personal,credit_card_number_fr_FR,credit_card_number,faker
503,xqVbwYewpUQOgXLVW,personal,personal,name_en,full_name,faker
504,88rcSxnCC8p2xgRxI5,personal,personal,credit_card_number_en,credit_card_number,faker
505,title_en_mimesis,personal,personal,title_en,academic_degree/title,mimesis
506,Race_dessi,personal,personal,Race,race,dessi
507,ID_Card_dessi,personal,personal,ID_Card,id_card,dessi
508,color_de_mimesis,non-personal,non-personal,color_de,color,mimesis
509,dish_en_mimesis,non-personal,non-personal,dish_en,dish,mimesis
510,graphics_mixed_mimesis,non-personal,non-personal,graphics_mixed,graphics,mimesis
511,o06UKuKMXR0upt,non-personal,non-personal,system_quality_attribute_fr,system_quality_attribute,mimesis
512,programming_language_fr_mimesis,non-personal,non-personal,programming_language_fr,programming_language,mimesis
513,klfN3yNRpF,personal,personal,gender_fr,gender,mimesis
514,cosTsS3DeRo7qY,personal,non-personal,passport_number_fr_FR,,faker
515,STFuEwJ77YU,personal,personal,first_name_de,first_name,mimesis
516,resolution_de_mimesis,non-personal,non-personal,resolution_de,resolution,mimesis
517,isbn_fr_mimesis,non-personal,non-personal,isbn_fr,isbn,mimesis
518,first_name_de_mimesis,personal,personal,first_name_de,first_name,mimesis
519,ean_de_DE_faker,non-personal,non-personal,ean_de_DE,EAN_code,faker
520,en68K4TunPFz4,personal,personal,political_views_mixed,political_views,mimesis
521,QBFMCArnWGhwBhsRRLF,personal,personal,title_fr,academic_degree/title,mimesis
522,RhALtY5U3SObMEq,personal,non-personal,passport_number_de_DE,,faker
523,title_de_mimesis,personal,personal,title_de,academic_degree/title,mimesis
524,drink_fr_mimesis,non-personal,non-personal,drink_fr,drink,mimesis
525,BhIoPj6r0je,personal,personal,political_views_fr,political_views,mimesis
526,y3EcO,non-personal,non-personal,word_de,word,mimesis
527,FHy6JhqXqT,personal,personal,address_de,full_address,mimesis
528,76c1zYFl7V,personal,personal,last_name_en,last_name,mimesis
529,HHNkxx6syAXvRMdYOPv,personal,personal,"Phone_number,Email","email,phone_number",dessi
530,sex_mixed_faker,personal,personal,sex_mixed,gender,faker
531,pyfloat_fr_FR_faker,non-personal,non-personal,pyfloat_fr_FR,float_number,faker
532,wt0Y3oobQmzvr3e9Xrw,personal,personal,phone_number_mixed,phone_number,mimesis
533,isbn13_de_DE_faker,non-personal,non-personal,isbn13_de_DE,isbn,faker
534,tx57Y3,personal,personal,Phone_number,phone_number,dessi
535,passport_number_de_DE_faker,personal,personal,passport_number_de_DE,passport_number,faker
536,"NIN,Email_dessi",personal,personal,"NIN,Email","email,national_identification_number",dessi
537,academic_degree_mixed_mimesis,personal,personal,academic_degree_mixed,academic_degree/title,mimesis
538,current_location_de_DE_faker,personal,personal,current_location_de_DE,longitude_and_latitude,faker
539,XBolZ9SH,personal,personal,language_fr,language,mimesis
540,political_views_mixed_mimesis,personal,personal,political_views_mixed,political_views,mimesis
541,Gqi7w4e4pxs,personal,personal,last_name_mixed,last_name,mimesis
542,phone_model_fr_mimesis,non-personal,non-personal,phone_model_fr,phone_model,mimesis
543,sex_en_faker,personal,personal,sex_en,gender,faker
544,XKANObF4OIs,personal,personal,worldview_fr,religion/worldview,mimesis
545,manufacturer_mixed_mimesis,non-personal,non-personal,manufacturer_mixed,manufacturer,mimesis
